INSERT INTO department(code, name)
VALUES ('HR', 'Human Resources'),
       ('FINANCE', 'Finance Team'),
       ('PRODUCTION', 'Production'),
       ('SALES', 'Sales');

INSERT INTO address(street, house_number, city, postal_code)
VALUES ('Ulica A', '1', 'Zagreb', '10000'),
       ('Ulica B', '2', 'Zagreb', '10001'),
       ('Ulica C', '3', 'Rijeka', '51000'),
       ('Ulica D', '4', 'Osijek', '31000'),
       ('Ulica E', '5', 'Split', '21000'),
       ('Nova cesta', '10', 'Zagreb', '10010'),
       ('Stara cesta', '20', 'Zagreb', '10020'),
       ('Glavna ulica', '30', 'Rijeka', '51010'),
       ('Mala ulica', '40', 'Osijek', '31010'),
       ('Velika ulica', '50', 'Split', '21010');

INSERT INTO freelancer(first_name, last_name, email, phone_number, address_id,
                       business_name, business_id_no, bank_account, active)
VALUES ('Ivan', 'Horvat', 'ivan.horvat@example.com', '0911110001', 1, 'Horvat d.o.o.', '12345678901',
        'HR12ABCD1234567890123', TRUE),
       ('Ana', 'Kovač', 'ana.kovac@example.com', '0911110002', 2, 'Kovač LTD', '10987654321', 'HR98EFGH9876543210987',
        TRUE),
       ('Marko', 'Novak', 'marko.novak@example.com', '0911110003', 3, 'Novak & Co', '11223344556',
        'HR34IJKL3456789012345', TRUE),
       ('Lucija', 'Babić', 'lucija.babic@example.com', '0911110004', 4, 'Babić Freelance', '66778899001',
        'HR56MNOP5678901234567', TRUE),
       ('Petar', 'Perić', 'petar.peric@example.com', '0911110005', 5, 'Perić Consulting', '22334455667',
        'HR78QRST7890123456789', TRUE);

INSERT INTO employee(first_name, last_name, email, phone_number, address_id,
                     hire_date, termination_date, department_id, salary)
VALUES ('Maja', 'Jurić', 'maja.juric@example.com', '0987650001', 6, '2022-07-01', NULL, 1, 60000),
       ('Ivan', 'Marić', 'ivan.maric@example.com', '0987650002', 7, '2023-01-15', NULL, 2, 55000),
       ('Petra', 'Vuković', 'petra.vukovic@example.com', '0987650003', 8, '2024-03-20', NULL, 3, 50000),
       ('Tomislav', 'Kralj', 'tomislav.kralj@example.com', '0987650004', 9, '2025-02-10', NULL, 4, 62000),
       ('Ivana', 'Živković', 'ivana.zivkovic@example.com', '0987650005', 10, '2021-11-05', NULL, 1, 58000);

INSERT INTO invoice(freelancer_id, invoice_date, due_date)
VALUES
    (4, '2024-07-26', '2025-07-15'),
    (5, '2024-08-02', '2025-07-15'),
    (1, '2024-08-09', '2025-07-15'),
    (3, '2024-07-19', '2025-07-15'),
    (2, '2024-07-12', '2025-07-15'),
    (2, '2024-08-16', '2025-07-15'),
    (3, '2024-08-23', '2025-07-15'),
    (4, '2024-08-30', '2025-07-15'),
    (5, '2024-09-06', '2025-07-15'),
    (1, '2024-09-13', '2025-07-15'),
    (2, '2024-09-20', '2025-07-15'),
    (3, '2024-09-27', '2025-07-15'),
    (4, '2024-10-04', '2025-07-15'),
    (5, '2024-10-11', '2025-07-15'),
    (1, '2024-10-18', '2025-07-15'),
    (2, '2024-10-25', '2025-07-15'),
    (3, '2024-11-01', '2025-07-15'),
    (4, '2024-11-08', '2025-07-15'),
    (5, '2024-11-15', '2025-07-15'),
    (1, '2024-11-22', '2025-07-15'),
    (2, '2024-11-29', '2025-07-15'),
    (3, '2024-12-06', '2025-07-15'),
    (4, '2024-12-13', '2025-07-15'),
    (5, '2024-12-20', '2025-07-15'),
    (1, '2024-12-27', '2025-07-15'),
    (2, '2025-01-03', '2025-07-15'),
    (3, '2025-01-10', '2025-07-15'),
    (4, '2025-01-17', '2025-07-15'),
    (5, '2025-01-24', '2025-07-15'),
    (1, '2024-07-05', '2025-07-15'),
    (1, '2025-01-31', '2025-07-15'),
    (2, '2025-02-07', '2025-07-15'),
    (3, '2025-02-14', '2025-07-15'),
    (4, '2025-02-21', '2025-07-15'),
    (5, '2025-02-28', '2025-07-15'),
    (1, '2025-03-07', '2025-07-15'),
    (2, '2025-03-14', '2025-07-15'),
    (3, '2025-06-15', '2025-07-20'),
    (4, '2025-06-22', '2025-07-22'),
    (5, '2025-06-29', '2025-07-24'),
    (1, '2025-07-01', '2025-07-26'),
    (2, '2025-07-03', '2025-07-28'),
    (3, '2025-07-05', '2025-07-30'),
    (4, '2025-07-07', '2025-07-31'),
    (5, '2025-07-09', '2025-07-31'),
    (1, '2025-07-11', '2025-07-31'),
    (2, '2025-07-13', '2025-07-31'),
    (3, '2025-07-15', '2025-07-31'),
    (4, '2025-07-17', '2025-07-31'),
    (5, '2025-07-19', '2025-07-31');

INSERT INTO service(invoice_id, service_name, unit_fee, quantity)
VALUES (1, 'Consulting services', 150.00, 2),
       (1, 'Bugfix session', 120.00, 1),
       (2, 'Design work', 200.00, 1),
       (2, 'Consulting services', 150.00, 2),
       (2, 'Maintenance fee', 100.00, 1),
       (3, 'Development sprint', 300.00, 3),
       (4, 'Maintenance fee', 100.00, 1),
       (4, 'Bugfix session', 120.00, 2),
       (5, 'Consulting services', 150.00, 1),
       (5, 'Design work', 200.00, 2),
       (5, 'On-site support', 250.00, 1),
       (6, 'Bugfix session', 120.00, 1),
       (7, 'Development sprint', 300.00, 2),
       (7, 'Consulting services', 150.00, 1),
       (8, 'Design work', 200.00, 1),
       (8, 'Maintenance fee', 100.00, 2),
       (8, 'Bugfix session', 120.00, 1),
       (9, 'On-site support', 250.00, 2),
       (10, 'Consulting services', 150.00, 1),
       (10, 'Development sprint', 300.00, 1),
       (11, 'Bugfix session', 120.00, 2),
       (11, 'Design work', 200.00, 1),
       (11, 'Maintenance fee', 100.00, 1),
       (12, 'Consulting services', 150.00, 3),
       (13, 'Development sprint', 300.00, 1),
       (13, 'Bugfix session', 120.00, 2),
       (14, 'On-site support', 250.00, 1),
       (14, 'Consulting services', 150.00, 2),
       (14, 'Design work', 200.00, 1),
       (15, 'Maintenance fee', 100.00, 2),
       (16, 'Bugfix session', 120.00, 1),
       (16, 'On-site support', 250.00, 1),
       (17, 'Consulting services', 150.00, 1),
       (17, 'Maintenance fee', 100.00, 1),
       (17, 'Design work', 200.00, 2),
       (18, 'Development sprint', 300.00, 3),
       (19, 'On-site support', 250.00, 1),
       (19, 'Bugfix session', 120.00, 2),
       (20, 'Consulting services', 150.00, 2),
       (20, 'Design work', 200.00, 1),
       (20, 'Maintenance fee', 100.00, 1),
       (21, 'Bugfix session', 120.00, 1),
       (22, 'Development sprint', 300.00, 1),
       (22, 'On-site support', 250.00, 1),
       (23, 'Consulting services', 150.00, 1),
       (23, 'Design work', 200.00, 2),
       (23, 'Bugfix session', 120.00, 1),
       (24, 'Maintenance fee', 100.00, 2),
       (25, 'On-site support', 250.00, 1),
       (25, 'Consulting services', 150.00, 1),
       (26, 'Design work', 200.00, 1),
       (26, 'Development sprint', 300.00, 2),
       (26, 'Consulting services', 150.00, 1),
       (27, 'Bugfix session', 120.00, 3),
       (28, 'Maintenance fee', 100.00, 1),
       (28, 'On-site support', 250.00, 1),
       (29, 'Consulting services', 150.00, 2),
       (29, 'Design work', 200.00, 1),
       (29, 'Bugfix session', 120.00, 1),
       (30, 'Development sprint', 300.00, 1),
       (31, 'On-site support', 250.00, 1),
       (31, 'Consulting services', 150.00, 1),
       (32, 'Design work', 200.00, 2),
       (32, 'Maintenance fee', 100.00, 1),
       (32, 'Bugfix session', 120.00, 1),
       (33, 'Consulting services', 150.00, 3),
       (34, 'Development sprint', 300.00, 1),
       (34, 'Bugfix session', 120.00, 2),
       (35, 'On-site support', 250.00, 1),
       (35, 'Maintenance fee', 100.00, 1),
       (35, 'Consulting services', 150.00, 1),
       (36, 'Design work', 200.00, 2),
       (37, 'Development sprint', 300.00, 1),
       (37, 'Consulting services', 150.00, 1),
       (38, 'Bugfix session', 120.00, 1),
       (38, 'On-site support', 250.00, 1),
       (38, 'Design work', 200.00, 1),
       (39, 'Maintenance fee', 100.00, 2),
       (40, 'Consulting services', 150.00, 1),
       (40, 'Development sprint', 300.00, 1),
       (41, 'On-site support', 250.00, 1),
       (41, 'Bugfix session', 120.00, 2),
       (41, 'Consulting services', 150.00, 1),
       (42, 'Design work', 200.00, 2),
       (43, 'Development sprint', 300.00, 1),
       (43, 'Maintenance fee', 100.00, 1),
       (44, 'Bugfix session', 120.00, 1),
       (44, 'On-site support', 250.00, 1),
       (44, 'Design work', 200.00, 1),
       (45, 'Consulting services', 150.00, 2),
       (46, 'Maintenance fee', 100.00, 1),
       (46, 'Consulting services', 150.00, 1),
       (47, 'Development sprint', 300.00, 1),
       (47, 'Bugfix session', 120.00, 1),
       (47, 'On-site support', 250.00, 1),
       (48, 'Consulting services', 150.00, 1),
       (49, 'Design work', 200.00, 1),
       (49, 'Consulting services', 150.00, 1),
       (50, 'Bugfix session', 120.00, 1),
       (50, 'On-site support', 250.00, 1),
       (50, 'Development sprint', 300.00, 1);


INSERT INTO payment(invoice_id, amount, paid_on, transaction_id)
VALUES (1, 300.00, '2024-08-04 10:00:00', 'TX000001'),
       (2, 200.00, '2024-08-11 11:00:00', 'TX000002'),
       (3, 900.00, '2024-08-18 09:30:00', 'TX000003'),
       (4, 100.00, '2024-09-25 14:00:00', 'TX000004'),
       (5, 240.00, '2024-09-01 15:30:00', 'TX000005'),
       (6, 150.00, '2024-09-08 10:10:00', 'TX000006'),
       (7, 400.00, '2024-09-15 13:20:00', 'TX000007'),
       (8, 300.00, '2024-09-22 16:45:00', 'TX000008'),
       (9, 300.00, '2024-10-29 09:00:00', 'TX000009'),
       (10, 120.00, '2024-10-05 12:00:00', 'TX000010'),
       (11, 300.00, '2024-10-12 11:15:00', 'TX000011'),
       (12, 200.00, '2024-10-19 14:30:00', 'TX000012'),
       (13, 600.00, '2024-10-26 10:40:00', 'TX000013'),
       (14, 100.00, '2024-11-03 09:55:00', 'TX000014'),
       (15, 360.00, '2024-11-10 11:05:00', 'TX000015'),
       (16, 150.00, '2024-11-17 10:10:00', 'TX000016'),
       (17, 400.00, '2024-11-24 14:00:00', 'TX000017'),
       (18, 900.00, '2024-12-01 15:00:00', 'TX000018'),
       (19, 100.00, '2024-12-09 16:00:00', 'TX000019'),
       (20, 240.00, '2024-12-16 09:00:00', 'TX000020'),
       (21, 150.00, '2024-12-23 10:00:00', 'TX000021'),
       (22, 600.00, '2024-12-30 11:00:00', 'TX000022'),
       (23, 300.00, '2025-01-06 12:00:00', 'TX000023'),
       (24, 200.00, '2025-01-13 13:00:00', 'TX000024'),
       (25, 500.00, '2025-01-20 14:00:00', 'TX000025'),
       (26, 450.00, '2025-01-27 15:00:00', 'TX000026'),
       (27, 200.00, '2025-02-03 16:00:00', 'TX000027'),
       (28, 600.00, '2025-02-10 09:00:00', 'TX000028'),
       (29, 100.00, '2025-02-17 10:00:00', 'TX000029'),
       (30, 240.00, '2025-02-24 11:00:00', 'TX000030'),
       (31, 150.00, '2025-03-03 12:00:00', 'TX000031'),
       (32, 400.00, '2025-03-10 13:00:00', 'TX000032'),
       (33, 900.00, '2025-03-17 14:00:00', 'TX000033'),
       (34, 100.00, '2025-03-24 15:00:00', 'TX000034'),
       (35, 360.00, '2025-03-31 16:00:00', 'TX000035'),
       (36, 150.00, '2025-04-07 09:00:00', 'TX000036'),
       (37, 400.00, '2025-04-14 10:00:00', 'TX000037'),
       (38, 900.00, '2025-04-21 11:00:00', 'TX000038'),
       (39, 100.00, '2025-04-28 12:00:00', 'TX000039'),
       (40, 240.00, '2025-05-05 13:00:00', 'TX000040');
